fecha,producto,precio,cantidad,region,id_vendedor
2024-08-10 16:58:11.991336,Producto C,65.65524029234341,17,Oeste,64
2023-12-08 16:58:11.991383,Producto C,49.34249738927012,3,Oeste,61
2024-02-24 16:58:11.991391,Producto A,44.44800473306802,18,Norte,54
2024-08-06 16:58:11.991395,Producto B,68.8115706944059,8,Este,92
2024-09-10 16:58:11.991399,Producto B,35.51986099583756,19,Sur,94
2024-05-16 16:58:11.991403,Producto D,28.011940433799182,5,Norte,73
2024-10-31 16:58:11.991406,Producto B,54.40014450053332,7,Este,95
2024-08-10 16:58:11.991409,Producto A,44.97945775647389,8,Este,58
2024-07-22 16:58:11.991413,Producto C,39.787671828692865,5,Este,85
2024-04-20 16:58:11.991416,Producto B,57.08356447299353,17,Sur,56
2023-12-26 16:58:11.991419,Producto D,52.43800713771199,5,Sur,34
2024-08-25 16:58:11.991422,Producto B,44.359213692632714,4,Oeste,31
2024-08-13 16:58:11.991426,Producto A,37.19695601329106,19,Oeste,52
2023-11-27 16:58:11.991429,Producto D,58.724573282801444,2,Este,89
2024-06-22 16:58:11.991432,Producto B,56.50201177958661,11,Este,76
2024-07-13 16:58:11.991436,Producto D,49.00824136220617,13,Sur,1
2024-06-24 16:58:11.991439,Producto A,68.46636996047665,15,Oeste,55
2024-01-17 16:58:11.991442,Producto C,39.29915233673847,12,Este,22
2024-03-08 16:58:11.991445,Producto A,34.74474829075261,11,Oeste,40
2023-12-13 16:58:11.991449,Producto A,43.080919301187556,7,Oeste,1
2024-02-01 16:58:11.991452,Producto A,49.54413983644502,5,Este,65
2024-05-13 16:58:11.991455,Producto A,52.43339449322692,17,Sur,63
2024-02-18 16:58:11.991458,Producto C,47.5876394214367,9,Este,54
2024-06-13 16:58:11.991462,Producto C,53.520553965142966,14,Este,42
2024-01-12 16:58:11.991465,Producto D,37.48460575809556,12,Oeste,21
2024-10-30 16:58:11.991468,Producto B,64.4376460407326,6,Este,79
2024-03-13 16:58:11.991471,Producto C,49.178488216074314,17,Sur,81
2024-03-30 16:58:11.991475,Producto C,61.172958315881274,19,Este,22
2023-12-12 16:58:11.991478,Producto B,53.42725346377704,19,Sur,38
2024-10-03 16:58:11.991481,Producto C,54.567532191537836,16,Sur,99
2024-09-23 16:58:11.991484,Producto A,55.69767280232204,12,Oeste,80
2024-06-04 16:58:11.991487,Producto A,54.47708560017315,12,Norte,8
2024-05-17 16:58:11.991490,Producto B,56.42722759867544,6,Norte,62
2024-02-24 16:58:11.991493,Producto D,63.29152530132431,4,Oeste,47
2024-05-15 16:58:11.991497,Producto D,51.9652116970147,6,Este,17
2024-05-30 16:58:11.991500,Producto B,57.09003757588512,11,Oeste,17
2024-10-01 16:58:11.991503,Producto B,49.102643057127736,1,Sur,90
2023-11-23 16:58:11.991506,Producto A,64.40117215449473,15,Norte,13
2024-09-27 16:58:11.991509,Producto D,43.2360769794073,11,Oeste,17
2024-03-22 16:58:11.991512,Producto C,68.00940432910815,19,Este,38
2024-01-06 16:58:11.991516,Producto A,49.59842049355657,18,Oeste,81
2024-07-13 16:58:11.991519,Producto B,35.69224897881952,17,Norte,78
2024-01-19 16:58:11.991522,Producto D,51.28104414910789,19,Oeste,45
2024-07-09 16:58:11.991525,Producto C,43.18948342525119,14,Oeste,6
2024-10-31 16:58:11.991528,Producto C,58.406435489887244,18,Norte,35
2023-12-28 16:58:11.991531,Producto A,43.47376020697609,19,Sur,14
2024-06-07 16:58:11.991534,Producto D,45.538165667852205,15,Sur,72
2024-02-21 16:58:11.991537,Producto D,31.104592690544692,15,Norte,61
2024-08-24 16:58:11.991540,Producto B,45.47693680750923,4,Oeste,15
2024-01-10 16:58:11.991544,Producto D,25.761206733710434,7,Norte,54
2024-11-07 16:58:11.991547,Producto D,34.16097176514277,13,Sur,27
2024-03-24 16:58:11.991550,Producto A,57.604146561442974,3,Este,13
2024-03-01 16:58:11.991553,Producto D,57.85800158650832,16,Oeste,31
2023-12-11 16:58:11.991556,Producto C,54.254575617849646,9,Sur,35
2024-09-29 16:58:11.991559,Producto A,40.33023856870787,8,Oeste,60
2023-12-17 16:58:11.991562,Producto A,49.5228864385802,13,Norte,6
2024-08-21 16:58:11.991565,Producto B,49.963974609094315,17,Este,69
2024-03-02 16:58:11.991568,Producto D,38.416353108074574,17,Norte,86
2024-10-17 16:58:11.991572,Producto B,65.0339830176715,17,Este,58
2024-04-29 16:58:11.991575,Producto C,58.77362290575671,1,Oeste,49
2024-09-01 16:58:11.991578,Producto A,47.79035826170336,8,Oeste,23
2024-10-02 16:58:11.991581,Producto A,50.26885838994531,19,Norte,89
2023-11-27 16:58:11.991584,Producto A,52.08382807947552,6,Este,34
2024-11-19 16:58:11.991587,Producto C,29.582651315757094,3,Este,26
2024-09-28 16:58:11.991590,Producto C,47.52822617479403,5,Oeste,47
2024-08-07 16:58:11.991593,Producto B,43.180157520022014,13,Norte,5
2024-03-06 16:58:11.991597,Producto B,39.983799901050844,15,Este,90
2024-01-16 16:58:11.991600,Producto B,47.18899707114045,14,Oeste,20
2024-05-14 16:58:11.991603,Producto D,67.97686526849523,16,Sur,6
2024-04-17 16:58:11.991606,Producto A,56.4084286126701,18,Norte,70
2024-10-08 16:58:11.991609,Producto A,44.28821010217203,11,Sur,59
2024-06-12 16:58:11.991612,Producto B,55.72582781356159,3,Norte,64
2024-05-03 16:58:11.991615,Producto A,63.99355436586002,10,Oeste,18
2024-02-25 16:58:11.991618,Producto B,59.246336829127685,10,Este,4
2023-12-06 16:58:11.991621,Producto D,50.59630369920174,16,Este,17
2024-01-22 16:58:11.991624,Producto D,43.53063222294426,12,Este,14
2024-02-24 16:58:11.991627,Producto C,56.982233136135896,2,Norte,78
2024-04-20 16:58:11.991631,Producto D,53.934853854217494,9,Oeste,13
2024-03-14 16:58:11.991635,Producto B,58.95193220027733,3,Sur,7
2024-05-15 16:58:11.991637,Producto D,56.351718016819696,15,Oeste,44
2024-01-30 16:58:11.991641,Producto C,60.49552715319335,3,Sur,15
2024-04-22 16:58:11.991644,Producto A,44.64764788439432,19,Norte,19
2024-04-27 16:58:11.991647,Producto B,63.173940656343255,18,Norte,63
2024-03-29 16:58:11.991650,Producto A,51.975996046923996,8,Sur,35
2023-12-19 16:58:11.991653,Producto C,70.75260872625265,17,Sur,81
2024-09-29 16:58:11.991656,Producto C,43.10812181910432,8,Sur,35
2024-02-15 16:58:11.991659,Producto C,67.3596380316525,7,Oeste,19
2024-04-18 16:58:11.991662,Producto A,51.979107834626475,7,Sur,20
2024-03-14 16:58:11.991665,Producto A,43.48581996385552,3,Norte,100
2024-05-17 16:58:11.991668,Producto A,45.16114165945678,1,Norte,35
2024-10-11 16:58:11.991672,Producto A,46.7965269180568,4,Este,32
2024-06-17 16:58:11.991675,Producto C,54.241659464019165,5,Sur,48
2024-11-06 16:58:11.991678,Producto C,55.228354880355,1,Oeste,44
2024-01-25 16:58:11.991682,Producto B,44.26299996061421,15,Oeste,24
2024-09-17 16:58:11.991685,Producto B,49.756454077390174,5,Oeste,61
2023-12-12 16:58:11.991688,Producto A,71.42270358611864,13,Este,17
2023-12-30 16:58:11.991691,Producto D,67.27543170100711,8,Norte,71
2024-11-12 16:58:11.991694,Producto D,54.36323669674032,8,Oeste,50
2023-12-13 16:58:11.991697,Producto C,50.380034781682,5,Norte,65
2024-07-15 16:58:11.991700,Producto C,51.200313267182615,9,Este,99
2024-07-08 16:58:11.991703,Producto C,56.13517972730416,1,Sur,32
2024-09-19 16:58:11.991706,Producto B,39.77207434801595,4,Sur,36
2024-07-05 16:58:11.991709,Producto B,47.42623462576655,3,Sur,13
2024-09-01 16:58:11.991712,Producto C,33.314159261224106,2,Oeste,70
2024-06-11 16:58:11.991716,Producto C,53.992231226052795,8,Sur,58
2024-02-06 16:58:11.991719,Producto C,56.47195939702741,9,Oeste,14
2024-03-05 16:58:11.991722,Producto D,45.16813537700626,2,Este,37
2024-04-04 16:58:11.991725,Producto B,65.73986763290033,14,Este,79
2024-10-11 16:58:11.991728,Producto D,37.74234336997659,14,Oeste,68
2024-10-24 16:58:11.991732,Producto D,35.3562511979018,4,Norte,40
2024-07-09 16:58:11.991735,Producto C,52.24451818559972,6,Sur,59
2024-05-04 16:58:11.991738,Producto C,60.470983026121544,11,Sur,80
2023-12-29 16:58:11.991741,Producto A,66.83927691457869,3,Sur,92
2024-02-27 16:58:11.991744,Producto A,45.4111573713106,8,Oeste,16
2024-10-19 16:58:11.991747,Producto D,60.78680833431296,3,Este,62
2024-10-04 16:58:11.991750,Producto B,49.61491530499293,14,Sur,4
2024-09-20 16:58:11.991754,Producto C,48.273727000591805,13,Este,45
2024-04-19 16:58:11.991757,Producto C,58.83659937486672,13,Sur,90
2024-02-02 16:58:11.991760,Producto D,56.5232287841342,2,Sur,28
2024-08-14 16:58:11.991763,Producto A,34.236078430157505,13,Oeste,96
2024-06-02 16:58:11.991766,Producto B,64.76540349725896,19,Norte,66
2023-11-27 16:58:11.991769,Producto A,63.800913541474515,6,Oeste,31
2024-04-21 16:58:11.991772,Producto A,43.74437298490471,16,Sur,3
2024-10-17 16:58:11.991775,Producto A,53.95803533437409,2,Sur,8
2024-04-08 16:58:11.991778,Producto A,54.94030186282739,8,Norte,24
2024-08-12 16:58:11.991782,Producto C,52.60673765823907,17,Este,15
2024-07-13 16:58:11.991785,Producto C,44.4969484615458,2,Este,43
2024-03-09 16:58:11.991788,Producto A,43.283766320619485,10,Sur,31
2024-11-16 16:58:11.991791,Producto B,49.744459290085544,16,Este,73
2024-04-17 16:58:11.991794,Producto D,61.72729019259364,6,Sur,45
2024-03-11 16:58:11.991797,Producto B,55.43600154594432,2,Norte,66
2023-11-28 16:58:11.991801,Producto B,46.29385667913894,2,Norte,8
2024-02-12 16:58:11.991804,Producto B,57.716987106483444,13,Sur,71
2024-04-28 16:58:11.991807,Producto A,21.514573793699245,15,Norte,57
2024-11-06 16:58:11.991810,Producto C,61.48765700372103,2,Oeste,80
2023-12-11 16:58:11.991813,Producto B,32.60286221221901,7,Oeste,99
2024-10-10 16:58:11.991816,Producto A,46.37559058596868,3,Norte,30
2024-05-26 16:58:11.991819,Producto B,38.803301053738565,8,Sur,74
2024-09-19 16:58:11.991822,Producto B,37.053185242790946,14,Sur,18
2023-12-05 16:58:11.991826,Producto A,61.608267873785195,7,Norte,69
2024-04-04 16:58:11.991829,Producto C,45.32298798688109,7,Este,93
2024-03-25 16:58:11.991832,Producto C,53.46503881730716,1,Oeste,39
2024-09-30 16:58:11.991835,Producto D,49.53079421120816,17,Este,60
2024-08-17 16:58:11.991838,Producto A,54.770408272231215,9,Sur,98
2024-04-13 16:58:11.991841,Producto D,50.768218910602556,13,Sur,43
2024-04-04 16:58:11.991845,Producto D,37.1700777581143,19,Este,45
2024-03-29 16:58:11.991848,Producto D,59.9626681944714,19,Norte,23
2024-07-01 16:58:11.991851,Producto C,45.06243416838687,17,Este,69
2024-06-03 16:58:11.991854,Producto A,34.434181013402494,10,Este,94
2024-10-23 16:58:11.991858,Producto D,45.718848390340874,10,Oeste,6
2024-10-16 16:58:11.991861,Producto A,65.00759790634311,4,Oeste,56
2024-11-08 16:58:11.991864,Producto A,58.50221742113493,8,Este,4
2024-06-14 16:58:11.991867,Producto C,46.51347865592141,18,Este,93
2023-12-30 16:58:11.991870,Producto D,46.50742295681571,14,Sur,23
2024-05-18 16:58:11.991874,Producto D,46.783649487826175,18,Oeste,6
2024-03-23 16:58:11.991877,Producto A,70.76747983560841,14,Oeste,32
2024-08-27 16:58:11.991880,Producto B,53.819354522315535,15,Sur,18
2024-02-11 16:58:11.991883,Producto C,54.300416471910694,4,Norte,15
2024-09-16 16:58:11.991886,Producto C,60.30283454031842,13,Oeste,40
2024-06-04 16:58:11.991889,Producto C,52.387891590265134,8,Oeste,96
2024-10-07 16:58:11.991892,Producto C,47.40957854179297,18,Norte,73
2024-09-20 16:58:11.991895,Producto D,48.03650150915022,12,Oeste,74
2024-07-10 16:58:11.991898,Producto D,49.283987405859364,14,Oeste,84
2024-02-11 16:58:11.991901,Producto B,49.627777634901584,2,Norte,6
2024-10-24 16:58:11.991905,Producto C,57.2762954363698,18,Norte,63
2024-08-05 16:58:11.991908,Producto C,50.519458858072994,2,Este,67
2024-10-08 16:58:11.991911,Producto A,57.32640077215579,11,Sur,11
2023-12-17 16:58:11.991914,Producto D,49.19283419891418,9,Sur,43
2024-02-09 16:58:11.991917,Producto C,50.786351903160906,12,Norte,17
2023-12-26 16:58:11.991920,Producto B,30.017993154678923,17,Norte,96
2024-07-16 16:58:11.991923,Producto B,59.16327674702482,15,Oeste,4
2023-12-09 16:58:11.991926,Producto D,53.46488475897993,17,Este,63
2024-04-04 16:58:11.991929,Producto B,59.98010109859652,18,Este,68
2024-05-15 16:58:11.991933,Producto B,21.037446218063106,6,Norte,81
2024-04-10 16:58:11.991936,Producto D,70.88374704780728,17,Oeste,41
2024-02-12 16:58:11.991939,Producto C,48.604103718448265,18,Oeste,83
2024-07-23 16:58:11.991942,Producto C,61.081828167375164,8,Sur,5
2024-07-28 16:58:11.991946,Producto B,39.60094072874469,9,Sur,32
2024-04-02 16:58:11.991949,Producto B,56.1277390506257,6,Oeste,86
2024-03-07 16:58:11.991952,Producto C,39.46584436826344,5,Sur,70
2023-11-28 16:58:11.991972,Producto D,43.76231039304195,12,Norte,35
2024-05-07 16:58:11.991980,Producto B,69.14031353866787,11,Oeste,22
2024-07-07 16:58:11.991983,Producto A,48.09317599236653,1,Sur,65
2024-01-08 16:58:11.991986,Producto D,52.17432873179723,11,Este,84
2024-06-09 16:58:11.991990,Producto B,58.70067730688754,19,Oeste,22
2024-04-10 16:58:11.991993,Producto B,54.95681887972604,9,Oeste,11
2024-01-19 16:58:11.991996,Producto A,51.504189051435766,2,Este,77
2024-04-01 16:58:11.992000,Producto A,53.64961002466225,12,Norte,3
2024-06-02 16:58:11.992003,Producto C,74.03415585238275,4,Este,9
2024-06-22 16:58:11.992006,Producto D,49.42381202966415,4,Oeste,60
2024-01-11 16:58:11.992009,Producto D,52.010990467149675,18,Norte,76
2024-06-14 16:58:11.992012,Producto C,60.50654396007612,15,Sur,87
2024-08-17 16:58:11.992016,Producto D,61.05525932957984,19,Sur,14
2024-04-02 16:58:11.992019,Producto D,61.8703030556038,13,Sur,97
2024-05-25 16:58:11.992022,Producto D,56.38730222029184,19,Oeste,18
2024-07-31 16:58:11.992025,Producto D,38.569950872695166,17,Este,73
2024-01-08 16:58:11.992028,Producto D,66.33431532301096,6,Norte,23
2024-09-30 16:58:11.992031,Producto A,38.53654606981312,16,Sur,74
2024-02-27 16:58:11.992034,Producto D,53.02635465239033,12,Norte,83
2024-01-31 16:58:11.992038,Producto A,42.45724149980642,19,Oeste,47
2024-07-31 16:58:11.992041,Producto D,49.35861653407007,5,Sur,69
2024-08-12 16:58:11.992044,Producto C,53.2876241030348,17,Oeste,47
2024-07-31 16:58:11.992047,Producto B,53.21357215450273,1,Este,87
2024-09-01 16:58:11.992050,Producto A,54.21920754235285,10,Oeste,30
2024-05-18 16:58:11.992054,Producto D,66.13711269058646,15,Oeste,25
2024-07-31 16:58:11.992057,Producto C,54.5353430151398,11,Este,28
2024-11-19 16:58:11.992060,Producto B,47.558433647093516,13,Norte,98
2024-07-14 16:58:11.992063,Producto A,59.64087168288357,5,Este,25
2024-04-15 16:58:11.992066,Producto B,61.894704889246405,1,Este,74
2024-09-28 16:58:11.992069,Producto C,37.72392184863008,12,Oeste,78
2023-12-14 16:58:11.992072,Producto A,55.97400069849858,11,Norte,58
2024-04-11 16:58:11.992076,Producto B,57.01172742310898,17,Sur,94
2024-04-10 16:58:11.992079,Producto D,47.02436496640008,4,Este,41
2024-07-18 16:58:11.992082,Producto A,63.75706813311619,15,Norte,25
2024-07-14 16:58:11.992085,Producto B,48.499444129674735,9,Este,78
2024-09-29 16:58:11.992088,Producto C,51.255764534715425,19,Este,99
2024-06-02 16:58:11.992091,Producto C,48.2692817571613,19,Este,48
2024-04-17 16:58:11.992094,Producto A,50.155790475814676,12,Este,98
2024-06-14 16:58:11.992098,Producto B,39.037249131047986,5,Oeste,10
2024-05-07 16:58:11.992101,Producto A,35.59949117405706,10,Norte,99
2024-03-19 16:58:11.992104,Producto A,65.94505063224972,17,Norte,75
2024-01-02 16:58:11.992107,Producto B,41.53038651681672,5,Norte,11
2024-05-02 16:58:11.992110,Producto B,40.08607650543693,16,Este,85
2024-05-21 16:58:11.992113,Producto D,28.466098863962852,7,Oeste,21
2024-07-21 16:58:11.992116,Producto B,43.610382523104974,9,Este,86
2024-03-11 16:58:11.992119,Producto C,36.76910206592502,3,Este,45
2024-02-01 16:58:11.992122,Producto A,66.4201516013637,15,Norte,7
2024-02-15 16:58:11.992125,Producto A,60.09817089342634,16,Este,81
2024-01-01 16:58:11.992128,Producto C,43.118496548222765,18,Sur,64
2024-08-15 16:58:11.992132,Producto B,72.52435805344308,14,Este,64
2024-05-07 16:58:11.992135,Producto C,59.81765486991594,3,Sur,2
2024-03-26 16:58:11.992138,Producto C,46.75168616491378,12,Este,76
2024-06-30 16:58:11.992141,Producto D,25.00594285126427,9,Oeste,42
2024-08-16 16:58:11.992144,Producto C,72.90942572590743,7,Oeste,82
2024-05-04 16:58:11.992147,Producto A,36.10427533236404,9,Norte,54
2024-07-20 16:58:11.992150,Producto C,33.546012530431085,13,Este,75
2024-05-18 16:58:11.992153,Producto A,60.225704320096405,18,Sur,16
2023-12-31 16:58:11.992156,Producto A,74.39752406339272,5,Sur,18
2023-12-08 16:58:11.992159,Producto A,63.84272818510518,13,Este,99
2024-03-07 16:58:11.992162,Producto B,55.639091200523595,4,Sur,59
2024-06-26 16:58:11.992165,Producto D,55.94754341665286,2,Oeste,90
2024-03-14 16:58:11.992168,Producto A,58.53415558780308,16,Sur,16
2023-12-11 16:58:11.992171,Producto A,57.589285897867654,9,Norte,6
2024-06-27 16:58:11.992175,Producto B,52.811914239693756,9,Oeste,57
2024-06-26 16:58:11.992178,Producto A,51.04201103951876,6,Oeste,47
2023-12-05 16:58:11.992181,Producto C,49.374068721004775,11,Oeste,48
2024-05-06 16:58:11.992184,Producto C,42.46035411133324,1,Este,42
2024-01-18 16:58:11.992187,Producto D,47.19324923133226,4,Este,76
2024-07-16 16:58:11.992190,Producto A,33.07043185804615,13,Oeste,60
2024-10-13 16:58:11.992193,Producto B,49.0166037320525,13,Este,77
2023-12-19 16:58:11.992196,Producto C,40.11408892849083,13,Sur,4
2023-11-27 16:58:11.992199,Producto B,38.964106827842286,2,Este,2
2024-07-15 16:58:11.992202,Producto B,51.798941511534785,9,Este,90
2024-02-28 16:58:11.992205,Producto C,63.92002286344599,8,Oeste,59
2024-06-23 16:58:11.992208,Producto B,59.183166060023126,7,Norte,27
2024-01-28 16:58:11.992212,Producto C,34.29499396376823,4,Norte,27
2024-08-14 16:58:11.992215,Producto B,40.10371863429663,18,Norte,79
2024-03-03 16:58:11.992218,Producto C,59.40771187988216,3,Sur,72
2024-03-14 16:58:11.992221,Producto A,40.175126064616904,6,Este,7
2024-06-30 16:58:11.992224,Producto D,47.753668500029754,12,Norte,63
2023-12-11 16:58:11.992227,Producto C,55.50052099024552,12,Oeste,46
2024-08-01 16:58:11.992230,Producto C,40.31655545136365,8,Norte,63
2024-09-22 16:58:11.992233,Producto D,51.0537550614596,1,Norte,12
2024-11-19 16:58:11.992236,Producto C,36.65974505081795,4,Este,13
2024-01-22 16:58:11.992239,Producto C,43.98632356048786,11,Este,43
2024-03-12 16:58:11.992242,Producto B,53.19781934142537,3,Este,17
2024-07-04 16:58:11.992245,Producto D,34.070062664683306,13,Sur,63
2024-10-15 16:58:11.992248,Producto A,54.40474737960399,17,Sur,81
2024-06-14 16:58:11.992251,Producto C,49.803622010733186,10,Norte,36
2024-11-12 16:58:11.992255,Producto D,55.524899544171475,12,Este,85
2024-04-02 16:58:11.992258,Producto B,52.23914134064661,15,Norte,8
2024-08-14 16:58:11.992261,Producto A,63.64140429973844,10,Oeste,69
2024-06-27 16:58:11.992264,Producto D,51.25224502647907,14,Oeste,90
2024-01-22 16:58:11.992267,Producto A,45.70594458874747,13,Este,80
2024-04-27 16:58:11.992270,Producto A,51.222975030322836,5,Este,36
2024-07-13 16:58:11.992273,Producto A,55.43298029036388,6,Oeste,28
2024-06-22 16:58:11.992276,Producto C,50.48860070325704,2,Este,93
2024-09-28 16:58:11.992279,Producto C,50.405916912038826,17,Sur,47
2024-07-24 16:58:11.992282,Producto B,42.980083121932445,4,Sur,76
2024-06-13 16:58:11.992285,Producto B,43.37099082449052,14,Este,30
2024-07-28 16:58:11.992288,Producto D,35.97394728200307,10,Oeste,23
2024-09-07 16:58:11.992291,Producto B,67.4957674318694,3,Norte,16
2024-07-31 16:58:11.992294,Producto A,37.56136764608715,3,Este,14
2024-08-09 16:58:11.992297,Producto A,43.07094802204092,15,Este,74
2023-12-17 16:58:11.992300,Producto C,42.81592734430802,6,Norte,71
2024-03-12 16:58:11.992303,Producto A,58.949243769444415,17,Este,52
2024-04-08 16:58:11.992306,Producto D,47.05050321707972,12,Norte,37
2024-08-01 16:58:11.992309,Producto A,62.477420726737336,11,Oeste,29
2024-08-14 16:58:11.992312,Producto A,43.26509375756132,4,Sur,67
2024-06-21 16:58:11.992316,Producto D,52.78994162223802,6,Oeste,15
2023-12-08 16:58:11.992319,Producto B,41.64652946740243,1,Sur,100
2023-12-19 16:58:11.992322,Producto B,71.45149127773388,16,Norte,47
2024-05-11 16:58:11.992325,Producto D,38.12401580970487,15,Sur,46
2024-01-16 16:58:11.992328,Producto C,53.09820710227027,17,Oeste,52
2024-06-11 16:58:11.992331,Producto A,56.337768809320984,8,Sur,19
2024-04-27 16:58:11.992334,Producto D,54.137990974514985,12,Norte,77
2024-06-05 16:58:11.992337,Producto A,48.147123411222914,10,Sur,21
2024-06-13 16:58:11.992340,Producto C,48.70179300266574,15,Este,64
2024-09-14 16:58:11.992343,Producto A,50.438114719791095,9,Oeste,37
2024-02-06 16:58:11.992346,Producto D,48.529979983715116,2,Este,27
2024-02-18 16:58:11.992349,Producto A,59.638791167949094,5,Norte,55
2024-01-22 16:58:11.992352,Producto B,72.10523001591352,6,Sur,29
2024-07-09 16:58:11.992355,Producto C,44.425082149921664,7,Este,20
2024-05-10 16:58:11.992358,Producto C,36.301970204209226,1,Este,25
2024-07-16 16:58:11.992361,Producto C,49.117179516487454,7,Sur,70
2024-10-19 16:58:11.992364,Producto D,75.79709337654319,12,Sur,63
2024-05-29 16:58:11.992368,Producto C,41.963254320302696,16,Oeste,36
2024-10-30 16:58:11.992371,Producto B,66.39116805444067,16,Este,2
2024-03-28 16:58:11.992374,Producto D,66.77700814076441,11,Este,22
2024-06-16 16:58:11.992377,Producto B,44.46411758292005,4,Norte,96
2024-10-14 16:58:11.992380,Producto A,55.689830791852756,13,Oeste,16
2024-04-05 16:58:11.992383,Producto A,66.28396623128538,7,Norte,18
2023-11-22 16:58:11.992386,Producto A,46.20872259012513,4,Este,69
2024-10-01 16:58:11.992389,Producto A,47.964196398976384,15,Norte,54
2024-03-02 16:58:11.992392,Producto B,44.18319086051356,19,Este,100
2024-02-12 16:58:11.992395,Producto D,39.852432693071336,9,Este,30
2024-10-25 16:58:11.992398,Producto D,43.50722454933993,11,Norte,45
2024-04-09 16:58:11.992401,Producto C,37.760597332377436,8,Norte,19
2024-02-18 16:58:11.992404,Producto B,50.34083468259226,1,Sur,87
2024-02-09 16:58:11.992407,Producto A,42.30026768941358,8,Sur,34
2024-08-16 16:58:11.992410,Producto B,52.33785911790748,13,Sur,13
2024-02-11 16:58:11.992413,Producto C,34.44104353796373,4,Este,43
2024-01-09 16:58:11.992416,Producto C,53.30880232214457,8,Norte,62
2024-01-22 16:58:11.992420,Producto B,58.33528961608925,3,Oeste,93
2024-06-27 16:58:11.992423,Producto B,30.062643574285445,9,Este,100
2024-11-17 16:58:11.992426,Producto B,53.74056569847572,2,Oeste,22
2024-10-17 16:58:11.992429,Producto D,62.27668992473292,2,Norte,52
2024-05-13 16:58:11.992432,Producto A,37.90358981308795,13,Este,52
2024-10-03 16:58:11.992435,Producto B,66.72572386837703,15,Oeste,36
2024-11-04 16:58:11.992438,Producto B,54.190190093660455,12,Oeste,73
2024-06-02 16:58:11.992441,Producto B,42.949881442415915,4,Sur,19
2024-04-15 16:58:11.992444,Producto C,49.44230922342294,8,Sur,38
2024-06-16 16:58:11.992447,Producto C,55.58326912521722,9,Sur,70
2024-10-06 16:58:11.992451,Producto D,50.760053914124114,5,Este,79
2024-11-15 16:58:11.992454,Producto A,55.387559924463694,18,Norte,57
2024-08-14 16:58:11.992457,Producto D,40.79326406920634,11,Norte,20
2024-04-02 16:58:11.992460,Producto A,51.69360824036078,15,Sur,9
2024-10-15 16:58:11.992463,Producto C,35.8628550309502,9,Sur,32
2024-02-15 16:58:11.992466,Producto C,48.887739386513,17,Sur,4
2023-12-08 16:58:11.992469,Producto C,40.960923585352106,12,Oeste,50
2024-01-24 16:58:11.992472,Producto D,42.64470057410233,7,Sur,82
2024-05-24 16:58:11.992475,Producto B,62.36093175210438,10,Oeste,5
2024-08-18 16:58:11.992478,Producto B,60.91310120594269,10,Norte,20
2024-08-14 16:58:11.992481,Producto C,56.09138120907177,13,Este,87
2024-05-17 16:58:11.992484,Producto B,39.07687235327421,19,Este,75
2024-07-28 16:58:11.992488,Producto B,46.83591550305198,11,Este,37
2024-05-14 16:58:11.992491,Producto D,62.130976999791834,13,Este,22
2024-03-13 16:58:11.992494,Producto A,51.417169136399046,8,Oeste,58
2024-06-13 16:58:11.992497,Producto C,73.19329539981695,8,Oeste,68
2024-03-10 16:58:11.992500,Producto C,53.93317839394372,4,Sur,93
2024-01-03 16:58:11.992503,Producto D,51.92049116490031,15,Oeste,44
2024-07-16 16:58:11.992506,Producto D,46.908835357974986,11,Sur,34
2024-11-03 16:58:11.992509,Producto B,51.33540904782282,11,Sur,77
2024-02-14 16:58:11.992513,Producto C,48.47530163619456,1,Este,42
2024-04-12 16:58:11.992516,Producto A,57.0810867668859,17,Oeste,9
2024-09-28 16:58:11.992519,Producto D,59.56702316794584,15,Oeste,95
2024-09-24 16:58:11.992522,Producto A,42.140105394920504,6,Sur,7
2024-01-03 16:58:11.992525,Producto A,36.68767046442222,15,Sur,68
2023-11-27 16:58:11.992528,Producto C,31.637946268967035,9,Norte,19
2024-05-31 16:58:11.992531,Producto C,55.079913269125434,14,Norte,94
2024-02-15 16:58:11.992534,Producto D,38.966333938261265,18,Sur,31
2024-07-30 16:58:11.992537,Producto C,28.47109407047517,17,Norte,35
2024-02-07 16:58:11.992540,Producto C,53.885786045309644,18,Norte,57
2023-12-15 16:58:11.992543,Producto C,74.9299951743279,5,Sur,85
2024-06-23 16:58:11.992546,Producto A,49.939290884601064,9,Sur,61
2024-07-17 16:58:11.992549,Producto D,58.38490774451642,11,Oeste,31
2024-06-19 16:58:11.992552,Producto B,50.81829358547565,1,Sur,83
2024-02-22 16:58:11.992555,Producto A,49.01110346808857,18,Sur,95
2024-08-09 16:58:11.992558,Producto C,59.190764829877686,6,Este,53
2024-01-27 16:58:11.992561,Producto A,47.097254558113484,2,Oeste,32
2024-03-20 16:58:11.992565,Producto C,52.673923140719026,15,Oeste,66
2024-05-29 16:58:11.992568,Producto C,53.216978061960134,14,Oeste,59
2024-10-13 16:58:11.992571,Producto A,43.31909546356951,5,Este,10
2024-06-04 16:58:11.992574,Producto D,59.92042349536523,6,Sur,2
2024-03-19 16:58:11.992577,Producto C,48.25040243304591,6,Oeste,66
2024-10-26 16:58:11.992580,Producto D,42.442548405071555,18,Oeste,60
2023-12-02 16:58:11.992583,Producto B,55.365098435704034,14,Norte,88
2024-01-20 16:58:11.992586,Producto C,41.015320182089624,10,Oeste,17
2024-11-08 16:58:11.992589,Producto D,50.281811573691286,14,Sur,96
2024-01-10 16:58:11.992592,Producto D,49.90881003355796,13,Sur,16
2024-01-13 16:58:11.992595,Producto B,60.85895565831578,3,Norte,16
2024-10-16 16:58:11.992599,Producto D,54.746982328799525,6,Oeste,46
2024-06-01 16:58:11.992602,Producto D,49.74973041254856,8,Oeste,39
2024-11-01 16:58:11.992605,Producto B,58.17766299200287,12,Oeste,31
2024-01-05 16:58:11.992608,Producto C,63.90207549017313,13,Este,88
2024-03-02 16:58:11.992611,Producto D,55.578103063518626,11,Oeste,1
2024-07-02 16:58:11.992614,Producto D,50.103526198433805,12,Sur,11
2024-07-01 16:58:11.992617,Producto D,36.8816376764984,1,Sur,85
2024-08-21 16:58:11.992620,Producto A,39.348863369246274,17,Este,4
2023-12-03 16:58:11.992623,Producto B,46.94775295645332,16,Este,71
2024-01-04 16:58:11.992626,Producto A,43.90487797840717,11,Oeste,26
2024-02-07 16:58:11.992629,Producto B,48.13028697014554,13,Norte,50
2024-04-20 16:58:11.992633,Producto C,50.56649924897107,18,Este,12
2023-12-15 16:58:11.992636,Producto C,55.29692754356731,11,Este,95
2024-10-01 16:58:11.992639,Producto D,49.29501221940909,12,Oeste,81
2024-06-21 16:58:11.992642,Producto B,54.86501643826202,6,Oeste,97
2024-05-19 16:58:11.992645,Producto C,50.6447441481012,9,Este,75
2024-09-19 16:58:11.992648,Producto B,30.245334336461287,16,Norte,92
2024-05-15 16:58:11.992651,Producto C,40.606646061812455,4,Este,96
2024-07-19 16:58:11.992654,Producto A,48.55912444278385,3,Oeste,65
2024-06-24 16:58:11.992657,Producto C,37.90305257158892,16,Oeste,47
2024-01-12 16:58:11.992660,Producto A,55.99928729996205,12,Este,92
2024-09-24 16:58:11.992663,Producto C,65.30750832343698,11,Norte,53
2023-12-15 16:58:11.992666,Producto D,62.18761851697317,5,Este,71
2024-01-21 16:58:11.992669,Producto A,47.86557129069792,18,Este,2
2024-05-25 16:58:11.992672,Producto C,64.90726136849952,19,Oeste,24
2024-06-04 16:58:11.992676,Producto D,51.486674572021116,6,Norte,4
2023-12-31 16:58:11.992679,Producto A,46.629140288819606,18,Sur,19
2024-02-24 16:58:11.992682,Producto D,43.8659733645906,6,Norte,26
2024-09-28 16:58:11.992685,Producto B,46.975303135118715,4,Este,75
2024-08-12 16:58:11.992688,Producto B,46.118231814587716,12,Este,40
2024-03-02 16:58:11.992691,Producto A,51.70416222375488,19,Este,50
2024-09-29 16:58:11.992694,Producto C,51.60573981049865,2,Norte,43
2024-09-22 16:58:11.992697,Producto A,50.03046020153415,17,Oeste,75
2024-08-05 16:58:11.992700,Producto D,54.369381697463496,11,Este,67
2024-11-16 16:58:11.992703,Producto C,61.906462747863415,11,Este,12
2024-08-10 16:58:11.992706,Producto B,59.495541354413234,16,Norte,67
2024-05-09 16:58:11.992709,Producto C,35.151020315500965,2,Sur,27
2024-03-04 16:58:11.992712,Producto B,24.46078865098045,2,Sur,54
2023-11-22 16:58:11.992715,Producto C,59.34319911239274,8,Oeste,66
2023-12-07 16:58:11.992718,Producto C,36.33121301584579,13,Oeste,49
2024-10-05 16:58:11.992722,Producto C,47.75234598107316,10,Este,16
2023-12-02 16:58:11.992725,Producto D,38.298869739406406,8,Norte,2
2024-01-15 16:58:11.992728,Producto D,31.9801956241998,4,Este,60
2024-01-18 16:58:11.992731,Producto A,55.41462728204788,15,Oeste,54
2024-06-30 16:58:11.992734,Producto A,57.59155160302647,1,Norte,30
2024-02-26 16:58:11.992737,Producto B,44.2348959927328,11,Norte,84
2024-07-20 16:58:11.992740,Producto D,24.089577078550903,7,Oeste,38
2024-08-07 16:58:11.992743,Producto B,44.53755551747517,17,Sur,28
2024-06-16 16:58:11.992746,Producto A,53.91804005402547,18,Sur,25
2024-06-27 16:58:11.992749,Producto B,35.21088431225871,12,Norte,96
2024-06-29 16:58:11.992752,Producto A,51.83359919779156,9,Este,10
2024-07-24 16:58:11.992755,Producto D,49.846901508270044,5,Sur,60
2024-01-07 16:58:11.992758,Producto C,55.792914996010886,10,Este,42
2024-02-20 16:58:11.992761,Producto D,51.19580368414153,4,Sur,40
2024-08-21 16:58:11.992765,Producto B,40.26931059118444,5,Sur,97
2024-09-24 16:58:11.992768,Producto B,61.965715016644914,10,Este,77
2023-12-11 16:58:11.992771,Producto D,48.4147042697303,11,Oeste,42
2024-04-06 16:58:11.992774,Producto D,49.72695460490068,10,Sur,47
2024-07-27 16:58:11.992777,Producto A,40.667320409268044,8,Sur,37
2024-01-08 16:58:11.992780,Producto B,45.567177488084894,2,Este,80
2024-02-16 16:58:11.992783,Producto B,41.15197285973099,8,Oeste,22
2024-07-17 16:58:11.992786,Producto D,48.27053940076577,16,Sur,57
2024-07-15 16:58:11.992789,Producto C,67.11708480142343,5,Sur,84
2024-09-24 16:58:11.992793,Producto B,36.28098857068643,3,Oeste,27
2024-07-22 16:58:11.992796,Producto C,33.86438602123259,12,Sur,41
2024-11-20 16:58:11.992799,Producto D,64.71170327493608,13,Oeste,80
2024-03-27 16:58:11.992802,Producto D,47.90676322848134,13,Oeste,34
2024-02-05 16:58:11.992805,Producto A,43.309272613400836,10,Este,32
2024-08-17 16:58:11.992808,Producto B,60.39904687396076,4,Norte,90
2024-07-18 16:58:11.992811,Producto C,43.94384460263136,9,Oeste,89
2024-07-26 16:58:11.992814,Producto A,68.26009713546937,2,Este,66
2024-10-04 16:58:11.992817,Producto B,56.77925871339269,19,Norte,12
2024-08-24 16:58:11.992820,Producto A,45.120885918542974,1,Sur,40
2024-03-29 16:58:11.992823,Producto D,71.57308213265503,7,Norte,73
2024-02-23 16:58:11.992826,Producto B,43.94285076996662,17,Oeste,76
2024-05-16 16:58:11.992829,Producto A,57.42095372009307,3,Oeste,90
2024-05-13 16:58:11.992832,Producto A,52.99292580406492,3,Oeste,73
2024-09-13 16:58:11.992836,Producto C,63.01741289398798,3,Oeste,10
2024-02-17 16:58:11.992839,Producto A,65.61511196726853,17,Oeste,96
2023-12-08 16:58:11.992842,Producto B,50.320041490657665,7,Este,98
2024-03-19 16:58:11.992845,Producto B,42.46582129653817,14,Oeste,48
2024-09-06 16:58:11.992848,Producto C,54.59972142939117,17,Este,20
2024-06-20 16:58:11.992851,Producto B,43.22284630247894,18,Sur,39
2024-06-30 16:58:11.992854,Producto D,70.13387247526623,13,Oeste,60
2024-08-27 16:58:11.992857,Producto B,51.36535331082737,18,Oeste,66
2024-05-20 16:58:11.992860,Producto B,46.34678448687891,4,Norte,65
2024-02-10 16:58:11.992863,Producto A,51.84680305864909,1,Sur,51
2024-04-15 16:58:11.992866,Producto A,36.52873710470303,18,Oeste,36
2024-09-13 16:58:11.992869,Producto B,40.28385961489349,1,Oeste,24
2024-10-05 16:58:11.992872,Producto C,62.00413907944426,13,Sur,27
2024-08-19 16:58:11.992875,Producto A,43.43105721028604,10,Este,2
2024-03-28 16:58:11.992878,Producto C,39.5308901731806,11,Oeste,31
2024-05-01 16:58:11.992882,Producto B,55.36652752527286,9,Norte,57
2024-04-17 16:58:11.992885,Producto B,61.85704154662997,9,Oeste,78
2023-12-16 16:58:11.992888,Producto D,57.18953310665067,5,Norte,66
2024-10-13 16:58:11.992891,Producto A,59.960476858058165,1,Norte,29
2024-08-13 16:58:11.992894,Producto B,42.43204911430539,17,Oeste,15
2024-02-06 16:58:11.992897,Producto D,35.78189333258156,2,Oeste,12
2024-03-12 16:58:11.992900,Producto A,65.01333651955487,13,Norte,28
2024-04-13 16:58:11.992903,Producto B,46.77320161157864,9,Sur,84
2023-11-30 16:58:11.992906,Producto B,47.49166983544953,4,Sur,24
2024-10-29 16:58:11.992909,Producto A,63.281941418490575,5,Oeste,21
2024-03-16 16:58:11.992912,Producto A,55.5623000940066,11,Este,10
2024-11-11 16:58:11.992915,Producto A,54.55887772081608,19,Sur,78
2024-03-20 16:58:11.992918,Producto B,71.65002344901083,3,Oeste,18
2024-01-01 16:58:11.992921,Producto B,43.564817696198574,12,Sur,88
2024-08-13 16:58:11.992924,Producto D,59.278401280812375,19,Este,14
2024-02-05 16:58:11.992927,Producto C,50.570131248970846,19,Oeste,34
2024-05-25 16:58:11.992930,Producto A,52.68592278863257,13,Este,58
2024-04-12 16:58:11.992933,Producto B,65.28468426412532,7,Oeste,76
2024-03-16 16:58:11.992936,Producto B,55.07835756289624,15,Este,22
2024-06-27 16:58:11.992939,Producto A,55.38296079049633,7,Sur,70
2024-08-17 16:58:11.992942,Producto C,60.72507337309802,8,Sur,36
2024-03-09 16:58:11.992945,Producto A,46.350472704571146,5,Este,45
2024-01-01 16:58:11.992948,Producto C,41.607903326609936,14,Este,36
2024-11-17 16:58:11.992952,Producto B,39.55190805978967,4,Este,22
2024-11-05 16:58:11.992955,Producto C,30.33643410623998,10,Oeste,78
2024-02-15 16:58:11.992958,Producto D,70.56207129940321,15,Sur,80
2023-12-21 16:58:11.992961,Producto B,38.96791634278317,18,Oeste,61
2024-03-19 16:58:11.992964,Producto D,47.78746376414228,13,Sur,100
2024-03-08 16:58:11.992967,Producto A,47.23186700111079,8,Norte,56
2024-06-14 16:58:11.992970,Producto A,53.07406697809101,9,Oeste,89
2023-12-17 16:58:11.992973,Producto A,58.15737212539297,16,Sur,96
2024-06-22 16:58:11.992976,Producto C,58.60473488359745,19,Sur,33
2024-05-27 16:58:11.992979,Producto B,44.16922561431062,16,Oeste,45
2024-06-11 16:58:11.992982,Producto A,48.32878286213589,7,Oeste,36
2024-10-19 16:58:11.992985,Producto A,52.825799504882994,14,Sur,20
2024-05-26 16:58:11.992988,Producto B,47.51308873816453,14,Oeste,18
2024-08-12 16:58:11.992991,Producto A,66.07345576019992,4,Este,38
2024-02-27 16:58:11.992994,Producto D,54.90974951638251,15,Oeste,67
2024-01-03 16:58:11.992998,Producto B,57.348777860498174,3,Oeste,23
2024-09-17 16:58:11.993020,Producto B,56.628812686674124,5,Oeste,96
2024-06-06 16:58:11.993024,Producto B,61.73473857485325,1,Sur,16
2023-12-27 16:58:11.993027,Producto D,51.81021558703707,3,Este,59
2024-10-09 16:58:11.993030,Producto B,37.03168052044153,15,Norte,69
2024-10-08 16:58:11.993033,Producto D,53.996879517526416,8,Norte,68
2024-02-10 16:58:11.993036,Producto B,43.48643106208171,4,Este,21
2024-11-09 16:58:11.993039,Producto C,44.713833182502434,2,Este,78
2024-08-18 16:58:11.993042,Producto A,55.863640187550935,10,Este,95
2024-01-24 16:58:11.993046,Producto C,62.38283071433636,4,Sur,78
2024-03-13 16:58:11.993049,Producto A,50.21271576736061,3,Norte,70
2024-03-24 16:58:11.993052,Producto D,53.088330125989636,2,Este,12
2024-10-17 16:58:11.993055,Producto C,67.02214944635239,17,Sur,16
2024-04-20 16:58:11.993124,Producto B,52.407531794885685,13,Norte,81
2023-12-20 16:58:11.993141,Producto A,76.01683114180395,5,Oeste,87
2024-08-23 16:58:11.993147,Producto A,55.65509645631544,9,Sur,14
2024-03-02 16:58:11.993152,Producto C,32.39237240844182,6,Norte,61
2024-08-20 16:58:11.993157,Producto D,57.53341621104533,5,Sur,71
2024-08-23 16:58:11.993161,Producto C,53.81158384882778,10,Norte,46
2024-07-29 16:58:11.993166,Producto D,62.897527540827454,8,Norte,32
2024-08-08 16:58:11.993170,Producto D,56.73181351269958,7,Oeste,15
2024-05-09 16:58:11.993174,Producto A,48.615440160162265,7,Sur,44
2024-01-12 16:58:11.993178,Producto C,37.757017637106344,6,Este,17
2024-07-30 16:58:11.993183,Producto C,47.90976742713975,3,Oeste,41
2024-09-07 16:58:11.993187,Producto D,41.494795457907,19,Oeste,54
2024-04-18 16:58:11.993191,Producto C,44.19476550195277,15,Norte,44
2024-02-18 16:58:11.993195,Producto B,55.8857840442061,4,Este,98
2024-03-17 16:58:11.993200,Producto B,66.69904504351406,12,Sur,5
2024-06-10 16:58:11.993204,Producto C,53.94671529822981,6,Este,27
2023-11-30 16:58:11.993208,Producto C,38.04116937964815,19,Este,87
2024-05-13 16:58:11.993212,Producto D,54.446026682201406,4,Este,78
2024-04-08 16:58:11.993217,Producto B,61.966314866456514,15,Este,79
2024-05-28 16:58:11.993221,Producto B,43.90217095680618,9,Este,43
2024-08-14 16:58:11.993225,Producto A,48.65982833327082,5,Norte,97
2024-10-16 16:58:11.993229,Producto D,50.14688194729197,13,Norte,31
2024-08-17 16:58:11.993233,Producto A,42.151016869177596,18,Oeste,99
2024-06-22 16:58:11.993237,Producto B,56.48280433843859,5,Norte,17
2024-06-23 16:58:11.993241,Producto D,48.79051851392219,16,Oeste,92
2024-05-15 16:58:11.993245,Producto C,54.195324439070276,19,Oeste,83
2024-04-11 16:58:11.993249,Producto D,41.125078221978995,14,Sur,54
2024-10-15 16:58:11.993253,Producto C,45.62541699676589,16,Este,62
2024-02-27 16:58:11.993257,Producto C,57.22381357827771,15,Norte,87
2024-05-22 16:58:11.993261,Producto D,46.27166847908233,4,Sur,32
2024-11-08 16:58:11.993265,Producto C,67.26963851233405,7,Norte,40
2024-02-16 16:58:11.993269,Producto A,46.003638143853976,16,Oeste,13
2024-04-18 16:58:11.993273,Producto B,52.24684725751886,8,Norte,84
2023-12-02 16:58:11.993278,Producto C,59.325908318730896,17,Este,35
2023-11-26 16:58:11.993306,Producto A,35.816342670669684,16,Oeste,5
2024-02-09 16:58:11.993310,Producto C,32.39191188019224,10,Oeste,73
2024-02-22 16:58:11.993313,Producto B,34.74343685429905,10,Sur,29
2024-09-20 16:58:11.993316,Producto A,62.62584103427182,2,Este,70
2024-08-29 16:58:11.993320,Producto B,44.481418541075534,9,Oeste,25
2024-04-18 16:58:11.993323,Producto B,75.58199285668252,17,Este,95
2023-12-15 16:58:11.993326,Producto A,44.357524013426115,11,Norte,22
2024-05-18 16:58:11.993329,Producto A,51.84551303197037,10,Este,66
2024-11-02 16:58:11.993332,Producto A,65.42109952567876,17,Oeste,45
2024-05-28 16:58:11.993335,Producto D,70.06092888159122,4,Sur,69
2024-08-13 16:58:11.993338,Producto A,70.61503576636397,16,Oeste,91
2024-04-02 16:58:11.993341,Producto A,62.083662305931426,15,Este,89
2024-09-06 16:58:11.993344,Producto A,60.240625258114626,5,Este,72
2024-03-01 16:58:11.993347,Producto A,55.92526949201183,6,Oeste,1
2024-02-11 16:58:11.993351,Producto C,57.78361076166638,17,Este,84
2024-04-29 16:58:11.993354,Producto D,44.488142836714665,1,Norte,44
2024-04-12 16:58:11.993357,Producto B,41.81801116577693,19,Oeste,87
2024-09-30 16:58:11.993360,Producto A,49.96625542589048,4,Sur,96
2023-12-18 16:58:11.993363,Producto C,48.298153774750716,17,Oeste,75
2024-06-30 16:58:11.993366,Producto C,45.46771950672725,9,Norte,39
2024-09-13 16:58:11.993369,Producto C,56.963874474567156,2,Norte,54
2024-08-14 16:58:11.993456,Producto B,59.553052085705104,8,Norte,88
2024-10-27 16:58:11.993471,Producto A,50.884068862918475,15,Norte,75
2024-09-29 16:58:11.993476,Producto D,64.77530081055262,7,Norte,29
2024-06-23 16:58:11.993480,Producto D,38.58310885866495,6,Sur,54
2024-06-30 16:58:11.993484,Producto C,48.06340540720282,1,Este,90
2024-09-25 16:58:11.993489,Producto B,42.831776793971954,15,Norte,16
2024-10-13 16:58:11.993493,Producto B,31.3346338292694,7,Norte,99
2024-08-04 16:58:11.993497,Producto B,49.17319314157301,17,Oeste,20
2024-05-24 16:58:11.993502,Producto D,48.78252491616716,2,Sur,46
2024-10-10 16:58:11.993506,Producto C,65.13449743242131,9,Sur,67
2024-05-19 16:58:11.993510,Producto A,56.30811684554777,9,Este,65
2024-04-12 16:58:11.993514,Producto D,39.758131756707954,13,Sur,58
2024-07-22 16:58:11.993519,Producto C,68.54092566334188,6,Oeste,53
2024-07-11 16:58:11.993523,Producto C,62.21033695525353,6,Oeste,1
2024-06-11 16:58:11.993531,Producto A,55.82097703468616,3,Este,81
2024-04-20 16:58:11.993567,Producto A,47.73515901150168,17,Oeste,66
2024-04-14 16:58:11.993576,Producto A,40.405607632765204,17,Norte,29
2024-03-31 16:58:11.993581,Producto B,46.27793223928947,12,Norte,84
2023-12-26 16:58:11.993749,Producto A,60.88748619704186,16,Oeste,70
2024-06-28 16:58:11.993787,Producto C,68.84586305934609,15,Este,8
2024-03-27 16:58:11.993793,Producto A,65.43243528272188,13,Sur,29
2024-09-06 16:58:11.993798,Producto C,45.11150578213726,1,Este,51
2024-11-12 16:58:11.993802,Producto D,38.80382566710989,17,Sur,33
2024-09-08 16:58:11.993806,Producto B,51.40886246911204,3,Oeste,3
2024-03-13 16:58:11.993810,Producto D,32.31560634437149,15,Oeste,60
2024-04-05 16:58:11.993814,Producto D,53.23167714184781,4,Norte,35
2024-11-14 16:58:11.993818,Producto C,48.52397413701331,4,Sur,69
2024-05-31 16:58:11.993822,Producto D,45.33963498131758,18,Este,91
2024-07-03 16:58:11.993826,Producto C,34.05296932733204,17,Oeste,76
2024-06-06 16:58:11.993830,Producto A,55.136001065697165,19,Este,84
2024-06-04 16:58:11.993834,Producto A,44.672991603380886,11,Norte,20
2024-02-12 16:58:11.993838,Producto C,38.30083164289712,3,Sur,73
2024-07-22 16:58:11.993842,Producto A,21.277377867183507,8,Sur,39
2024-05-11 16:58:11.993846,Producto B,49.724850949493636,14,Oeste,4
2024-11-16 16:58:11.993850,Producto D,67.72251596669744,1,Sur,19
2024-10-23 16:58:11.993854,Producto B,66.6125921454787,14,Oeste,91
2024-06-09 16:58:11.993858,Producto D,45.429037434137285,2,Norte,45
2023-12-18 16:58:11.993862,Producto A,43.97787939638219,4,Sur,43
2024-07-08 16:58:11.993866,Producto B,54.68774256075024,19,Oeste,13
2023-11-22 16:58:11.993870,Producto A,40.016145608117085,6,Este,13
2024-01-05 16:58:11.993874,Producto D,53.01791899819466,1,Oeste,60
2023-12-15 16:58:11.993878,Producto C,57.660802783846904,17,Sur,57
2024-06-29 16:58:11.993882,Producto C,62.26933223884308,8,Norte,86
2023-12-30 16:58:11.993886,Producto B,48.99845923520047,19,Sur,92
2024-04-18 16:58:11.993890,Producto A,47.96326249823034,1,Sur,52
2024-01-25 16:58:11.993894,Producto A,41.22017413243439,5,Oeste,53
2024-07-12 16:58:11.993898,Producto B,41.7311964596014,16,Este,86
2024-02-03 16:58:11.993902,Producto C,47.73521108098473,6,Sur,43
2024-09-12 16:58:11.993906,Producto D,53.67365506816178,8,Este,83
2024-03-14 16:58:11.993910,Producto B,59.13584626233249,13,Oeste,72
2024-02-20 16:58:11.993914,Producto D,41.96821049319655,16,Este,72
2023-11-23 16:58:11.993918,Producto C,64.92688568959522,3,Oeste,42
2024-05-23 16:58:11.993922,Producto A,47.28876398957431,19,Norte,90
2024-06-07 16:58:11.993926,Producto C,49.78632705651564,12,Este,26
2024-08-22 16:58:11.993930,Producto B,42.527883208521764,16,Este,23
2024-05-03 16:58:11.993934,Producto A,25.757597397270583,11,Norte,43
2023-12-11 16:58:11.993939,Producto B,58.8404539636105,10,Este,77
2024-11-02 16:58:11.993943,Producto B,57.36843897092433,4,Norte,28
2024-10-13 16:58:11.993946,Producto C,47.18672442881787,12,Sur,9
2024-07-18 16:58:11.993950,Producto B,50.66990717224872,2,Oeste,20
2024-06-01 16:58:11.993954,Producto C,55.15939217704099,19,Norte,56
2024-07-03 16:58:11.993958,Producto A,34.374541431134574,5,Este,83
2024-03-24 16:58:11.993962,Producto C,44.70947322653705,8,Norte,39
2024-04-15 16:58:11.993966,Producto A,57.94264679621827,7,Este,51
2024-07-18 16:58:11.993970,Producto C,37.45710576830751,14,Sur,12
2024-09-24 16:58:11.993974,Producto D,52.935579321666296,3,Norte,79
2024-06-26 16:58:11.993978,Producto D,36.43418195376595,18,Sur,95
2024-01-09 16:58:11.993982,Producto B,54.66429982433527,16,Oeste,55
2023-11-26 16:58:11.993986,Producto C,49.643585177025166,19,Este,78
2024-11-20 16:58:11.993990,Producto C,33.848681840944906,19,Este,11
2023-12-09 16:58:11.993994,Producto A,61.64739354457171,18,Sur,26
2024-05-15 16:58:11.993999,Producto B,42.65408423201951,16,Oeste,42
2024-05-14 16:58:11.994003,Producto C,41.89747562985619,8,Norte,27
2024-01-14 16:58:11.994007,Producto B,52.00569197230943,1,Norte,11
2024-07-27 16:58:11.994011,Producto D,61.48637349428715,17,Este,38
2024-07-10 16:58:11.994015,Producto C,39.841781810216034,12,Sur,98
2024-09-24 16:58:11.994019,Producto C,50.61679849847972,11,Sur,43
2024-10-08 16:58:11.994023,Producto B,54.28816500330573,5,Norte,19
2024-06-01 16:58:11.994058,Producto C,56.93105607263144,12,Oeste,64
2024-06-14 16:58:11.994067,Producto B,51.76441555277225,17,Oeste,6
2024-06-01 16:58:11.994072,Producto C,46.329721609166775,6,Norte,46
2024-01-09 16:58:11.994077,Producto A,41.724097793512804,1,Norte,42
2024-01-23 16:58:11.994081,Producto B,50.86143883046375,5,Sur,92
2024-06-25 16:58:11.994086,Producto C,39.27860988014393,14,Oeste,65
2024-09-02 16:58:11.994090,Producto D,20.78649516505393,5,Norte,99
2024-04-22 16:58:11.994094,Producto C,54.365598041576675,1,Norte,72
2024-05-02 16:58:11.994098,Producto D,59.039348410861955,18,Este,59
2024-03-14 16:58:11.994102,Producto D,26.370675644581617,16,Norte,52
2024-04-06 16:58:11.994107,Producto A,39.90269295290062,9,Norte,47
2024-06-10 16:58:11.994111,Producto B,56.191542610051975,19,Oeste,7
2024-04-08 16:58:11.994114,Producto C,70.574954697117,5,Sur,11
2024-06-27 16:58:11.994118,Producto A,50.20793707675408,2,Oeste,61
2024-11-01 16:58:11.994122,Producto C,42.71997058770866,15,Sur,68
2024-10-05 16:58:11.994126,Producto D,48.1710355889516,7,Este,25
2024-04-02 16:58:11.994133,Producto B,63.74876419148185,4,Norte,12
2024-01-21 16:58:11.994137,Producto C,43.54035820875465,1,Este,26
2024-11-07 16:58:11.994142,Producto C,42.00807993349746,13,Sur,12
2024-07-01 16:58:11.994146,Producto D,45.17256477817968,7,Oeste,43
2024-11-20 16:58:11.994150,Producto C,40.466713917412875,15,Oeste,51
2024-09-28 16:58:11.994154,Producto C,51.22670315994795,14,Este,37
2024-03-07 16:58:11.994158,Producto D,66.2467845846956,19,Sur,46
2024-06-30 16:58:11.994163,Producto A,53.23079273116029,18,Este,53
2024-11-09 16:58:11.994167,Producto D,47.47646497873713,10,Este,88
2023-12-27 16:58:11.994171,Producto A,47.08188731084456,9,Norte,80
2024-04-11 16:58:11.994175,Producto B,34.36809191303343,8,Este,13
2024-02-23 16:58:11.994179,Producto A,58.83109777147159,10,Norte,89
2023-11-29 16:58:11.994183,Producto A,49.22162802987198,17,Norte,54
2024-06-18 16:58:11.994187,Producto B,48.19520086409374,2,Oeste,57
2024-11-13 16:58:11.994191,Producto A,81.93107567844861,6,Norte,4
2024-07-22 16:58:11.994195,Producto D,52.98752908365686,5,Norte,75
2023-12-09 16:58:11.994199,Producto A,42.48208949904816,9,Oeste,96
2024-06-10 16:58:11.994203,Producto B,45.736424037944566,5,Este,49
2024-08-23 16:58:11.994207,Producto D,61.48445709196755,18,Sur,7
2024-07-08 16:58:11.994211,Producto B,51.13270410537764,9,Sur,11
2024-05-19 16:58:11.994215,Producto B,35.61722021682633,17,Sur,92
2024-01-10 16:58:11.994219,Producto C,59.19228934575204,17,Este,54
2024-05-27 16:58:11.994223,Producto C,43.31855914461006,12,Norte,87
2024-10-24 16:58:11.994236,Producto B,68.73297776217545,7,Sur,45
2024-04-15 16:58:11.994241,Producto B,60.80048065714649,3,Este,23
2023-11-30 16:58:11.994245,Producto B,45.52678104341249,10,Norte,28
2024-10-11 16:58:11.994250,Producto C,62.81016361735113,2,Oeste,57
2024-04-07 16:58:11.994254,Producto C,50.678555105274036,3,Sur,26
2024-05-13 16:58:11.994258,Producto A,58.52773675122219,16,Norte,25
2024-06-29 16:58:11.994262,Producto A,54.84732817294475,2,Sur,54
2024-05-04 16:58:11.994266,Producto B,41.536433450091266,10,Sur,29
2024-04-23 16:58:11.994271,Producto D,43.56450167682538,6,Sur,83
2024-04-15 16:58:11.994275,Producto D,60.29960817581161,11,Norte,97
2024-03-26 16:58:11.994279,Producto C,46.65224667893459,7,Este,36
2024-10-06 16:58:11.994283,Producto C,45.96351536758003,15,Norte,14
2024-10-17 16:58:11.994287,Producto C,40.44877420650647,6,Sur,78
2024-03-13 16:58:11.994291,Producto B,54.235990655934614,9,Norte,35
2024-08-31 16:58:11.994295,Producto D,70.62524919243145,12,Oeste,30
2024-03-10 16:58:11.994299,Producto A,39.32467085745727,19,Este,92
2024-05-08 16:58:11.994304,Producto B,50.24219456672758,3,Norte,17
2024-01-23 16:58:11.994308,Producto A,64.12220555415429,15,Oeste,67
2024-11-11 16:58:11.994312,Producto A,49.203586087542845,2,Este,80
2024-01-14 16:58:11.994316,Producto B,54.52371796249734,2,Oeste,30
2024-02-09 16:58:11.994320,Producto A,39.376064718531204,3,Este,93
2024-03-24 16:58:11.994324,Producto D,54.28307097207649,6,Norte,45
2024-03-15 16:58:11.994328,Producto A,48.12855734995451,15,Oeste,79
2023-11-22 16:58:11.994332,Producto D,59.85729995679863,10,Sur,89
2024-11-16 16:58:11.994336,Producto D,61.87386051564751,9,Oeste,51
2024-07-25 16:58:11.994340,Producto D,75.89563642018614,1,Este,47
2024-02-06 16:58:11.994344,Producto C,55.796331732135755,16,Norte,53
2024-09-17 16:58:11.994348,Producto A,53.257963165821664,6,Este,64
2024-06-28 16:58:11.994352,Producto B,51.94384301577336,9,Oeste,38
2024-04-11 16:58:11.994356,Producto B,46.46833707189312,4,Oeste,64
2024-03-27 16:58:11.994360,Producto A,53.38483843461691,2,Sur,87
2024-05-28 16:58:11.994364,Producto C,47.04598589860971,4,Norte,89
2024-02-28 16:58:11.994368,Producto C,51.68460976269614,1,Norte,7
2023-12-16 16:58:11.994372,Producto D,63.1759753560796,19,Oeste,22
2024-02-13 16:58:11.994376,Producto A,39.934574347203586,10,Norte,81
2024-09-19 16:58:11.994380,Producto A,61.39878561129045,15,Sur,82
2024-04-18 16:58:11.994417,Producto B,63.17115067339866,19,Este,41
2023-12-15 16:58:11.994426,Producto A,48.81931473008921,16,Norte,74
2024-01-11 16:58:11.994430,Producto C,28.781451009914054,4,Oeste,10
2024-02-12 16:58:11.994434,Producto A,43.921780129055676,2,Este,57
2024-05-28 16:58:11.994438,Producto B,62.96994546561109,13,Este,7
2024-08-15 16:58:11.994451,Producto D,49.77131937701118,1,Sur,50
2024-08-08 16:58:11.994462,Producto B,40.00697767705089,17,Oeste,91
2024-08-14 16:58:11.994467,Producto B,44.95225078771782,13,Norte,52
2024-01-15 16:58:11.994472,Producto D,58.40620026504553,4,Oeste,33
2024-11-15 16:58:11.994476,Producto B,55.4673356820138,7,Este,1
2024-05-08 16:58:11.994480,Producto B,47.61067900830306,17,Oeste,53
2023-12-06 16:58:11.994484,Producto A,46.33175588185313,9,Norte,60
2024-07-11 16:58:11.994489,Producto A,46.08241850956178,4,Norte,34
2023-11-29 16:58:11.994493,Producto D,40.77589815501497,19,Sur,4
2024-03-07 16:58:11.994498,Producto A,66.15375689469442,1,Norte,17
2024-10-29 16:58:11.994502,Producto A,46.7767953078866,10,Norte,4
2024-09-29 16:58:11.994510,Producto B,62.17158520825497,4,Oeste,43
2024-06-09 16:58:11.994515,Producto C,65.21316051922452,9,Oeste,90
2024-05-03 16:58:11.994519,Producto A,59.9831089814796,13,Este,4
2024-08-30 16:58:11.994523,Producto C,45.683796872819514,14,Sur,1
2024-06-29 16:58:11.994527,Producto A,54.037300903366095,10,Oeste,71
2024-08-28 16:58:11.994551,Producto A,49.758043936090836,6,Norte,94
2024-09-04 16:58:11.994562,Producto D,40.96298139269872,16,Este,50
2024-11-20 16:58:11.994568,Producto D,53.24359281721603,6,Oeste,73
2024-10-01 16:58:11.994573,Producto D,38.20960208840198,17,Sur,61
2024-06-01 16:58:11.994578,Producto C,61.87679388461564,10,Sur,35
2024-04-30 16:58:11.994582,Producto B,45.35382702701607,18,Este,8
2024-03-06 16:58:11.994586,Producto A,52.01159655872839,18,Este,24
2024-02-07 16:58:11.994591,Producto A,52.83287871546142,3,Este,83
2024-10-18 16:58:11.994626,Producto A,47.410950262959226,15,Este,36
2023-12-09 16:58:11.994636,Producto C,55.86693801475275,15,Este,50
2024-08-18 16:58:11.994648,Producto D,45.25096343377476,4,Norte,43
2024-09-10 16:58:11.994657,Producto B,58.71297297457244,9,Norte,27
2024-10-13 16:58:11.994661,Producto C,36.54020319753251,19,Oeste,32
2024-06-20 16:58:11.994666,Producto D,51.26379579546412,17,Sur,78
2024-03-16 16:58:11.994671,Producto C,69.38928999058285,11,Norte,18
2024-06-12 16:58:11.994675,Producto B,39.99668675394425,9,Norte,28
2024-07-26 16:58:11.994680,Producto D,43.222550294751485,10,Norte,29
2024-03-07 16:58:11.994684,Producto C,55.13907849658915,18,Oeste,16
2024-01-20 16:58:11.994689,Producto B,51.79581781939598,13,Este,99
2024-02-27 16:58:11.994693,Producto A,53.50630099273559,8,Oeste,47
2024-09-28 16:58:11.994698,Producto B,54.891871301476634,7,Sur,59
2024-03-30 16:58:11.994715,Producto A,56.3472146856177,17,Sur,31
2024-04-13 16:58:11.994721,Producto C,61.09699841956223,15,Sur,4
2024-03-15 16:58:11.994724,Producto D,54.098186569285126,15,Sur,37
2024-01-13 16:58:11.994727,Producto D,47.58742345381457,1,Norte,17
2024-08-01 16:58:11.994731,Producto C,56.72573701202731,14,Norte,39
2024-03-11 16:58:11.994734,Producto D,68.99881934895215,5,Oeste,48
2024-01-23 16:58:11.994737,Producto D,48.67366253617426,11,Este,46
2024-04-28 16:58:11.994740,Producto A,40.254706953293585,16,Sur,90
2024-04-06 16:58:11.994743,Producto C,61.07080669286972,2,Oeste,48
2023-12-16 16:58:11.994746,Producto B,48.796188360464015,8,Norte,39
2024-09-16 16:58:11.994750,Producto A,28.273304539859637,11,Norte,4
2024-09-07 16:58:11.994753,Producto C,58.47421677150422,18,Este,30
2024-08-10 16:58:11.994756,Producto A,44.64671814046077,3,Este,30
2024-05-13 16:58:11.994759,Producto B,49.094667176958396,1,Este,22
2024-03-14 16:58:11.994762,Producto B,53.319803305690144,11,Oeste,75
2024-04-09 16:58:11.994765,Producto C,51.904996797790666,16,Norte,66
2024-02-01 16:58:11.994805,Producto B,57.0945181713904,18,Norte,12
2024-01-20 16:58:11.994845,Producto A,45.645136294301565,16,Este,94
2024-08-15 16:58:11.994852,Producto B,55.131057981760826,10,Sur,36
2023-12-19 16:58:11.994856,Producto A,47.40453322416083,18,Este,18
2024-02-09 16:58:11.994860,Producto A,57.38810480887503,6,Oeste,90
2023-12-22 16:58:11.994864,Producto B,56.153674840130535,19,Este,53
2023-12-10 16:58:11.994867,Producto C,40.645612979554045,4,Este,71
2024-01-18 16:58:11.994871,Producto D,60.85982116175032,13,Oeste,1
2024-03-17 16:58:11.994874,Producto B,44.64036554885952,14,Este,58
2024-06-08 16:58:11.994877,Producto A,58.08057798281145,3,Norte,90
2023-12-22 16:58:11.994881,Producto A,53.67287313401341,10,Sur,87
2024-10-22 16:58:11.994884,Producto B,68.38183676795123,6,Este,90
2024-03-19 16:58:11.994887,Producto C,47.76534017628148,1,Oeste,6
2024-08-07 16:58:11.994890,Producto C,46.506832038818025,14,Sur,70
2024-10-01 16:58:11.994894,Producto A,49.805803941122676,8,Oeste,44
2024-09-01 16:58:11.994897,Producto A,46.968202171657246,19,Sur,72
2024-07-11 16:58:11.994900,Producto C,57.9994190194205,14,Sur,24
2024-02-10 16:58:11.994903,Producto D,33.83689391563412,10,Este,86
2024-07-06 16:58:11.994906,Producto B,39.46317580853646,17,Norte,19
2024-05-21 16:58:11.994909,Producto A,39.32197078420807,9,Este,18
2023-12-27 16:58:11.994912,Producto A,59.50307591973576,6,Oeste,95
2024-02-22 16:58:11.994915,Producto C,67.10613372581925,11,Oeste,30
2023-12-17 16:58:11.994919,Producto B,48.955507814625285,7,Sur,42
2024-09-13 16:58:11.994922,Producto C,48.311782768099896,17,Sur,33
2024-10-18 16:58:11.994925,Producto B,50.700521631131814,1,Norte,74
2024-03-04 16:58:11.994928,Producto B,61.61878302608191,5,Este,12
2024-09-29 16:58:11.994931,Producto B,40.72646865809426,9,Oeste,94
2024-04-30 16:58:11.994934,Producto A,52.38368982734785,18,Sur,27
2024-07-18 16:58:11.994937,Producto D,59.7519762978243,2,Norte,39
2024-03-31 16:58:11.994940,Producto C,55.01094169939845,11,Oeste,9
2024-10-09 16:58:11.994944,Producto D,51.89581616598743,6,Sur,21
2024-03-26 16:58:11.995142,Producto C,60.01046092567141,8,Oeste,76
2024-08-02 16:58:11.995149,Producto B,22.96767707000763,4,Norte,29
2024-03-17 16:58:11.995153,Producto A,56.77875319530908,18,Norte,33
2024-06-23 16:58:11.995156,Producto D,43.45924316872576,11,Oeste,62
2024-05-22 16:58:11.995159,Producto A,31.693671031435432,5,Este,15
2023-12-21 16:58:11.995162,Producto C,55.11202599524981,15,Oeste,2
2024-08-18 16:58:11.995165,Producto A,63.73658545162958,18,Sur,52
2024-11-13 16:58:11.995168,Producto A,48.62551485372308,2,Este,44
2023-11-27 16:58:11.995172,Producto D,59.528745472029385,11,Sur,54
2024-05-21 16:58:11.995175,Producto B,66.12278257988646,13,Oeste,18
2024-02-14 16:58:11.995178,Producto A,63.14914453584048,4,Este,3
2024-05-10 16:58:11.995181,Producto B,66.39964529371393,7,Sur,7
2023-12-05 16:58:11.995184,Producto C,57.42127491071892,11,Oeste,43
2024-05-10 16:58:11.995187,Producto A,50.754336389015926,4,Oeste,82
2024-06-19 16:58:11.995190,Producto D,33.980341881028316,15,Este,38
2024-08-20 16:58:11.995193,Producto C,47.53937511870051,1,Oeste,37
2024-06-14 16:58:11.995209,Producto C,41.567534046838084,3,Norte,58
2024-09-21 16:58:11.995222,Producto D,71.70942717497815,14,Sur,33
2024-07-22 16:58:11.995227,Producto A,48.24114187567663,6,Sur,59
2024-10-01 16:58:11.995231,Producto A,51.23204806784486,18,Oeste,95
2024-02-18 16:58:11.995235,Producto C,55.51485376040468,1,Oeste,11
2024-11-16 16:58:11.995239,Producto A,50.436024463724536,6,Norte,68
2024-08-21 16:58:11.995243,Producto B,66.95051040430752,6,Este,82
2024-06-04 16:58:11.995246,Producto D,43.77350638265548,16,Oeste,68
2024-01-09 16:58:11.995249,Producto B,51.94607455237243,5,Oeste,98
2024-10-30 16:58:11.995253,Producto A,42.57529414301952,17,Oeste,93
2023-12-31 16:58:11.995256,Producto C,36.79977488779294,10,Oeste,88
2024-11-20 16:58:11.995259,Producto D,43.882309090947146,18,Sur,22
2024-07-11 16:58:11.995262,Producto A,49.62963202951588,7,Oeste,66
2024-04-02 16:58:11.995266,Producto A,45.7069777548274,3,Sur,44
2024-11-09 16:58:11.995269,Producto C,43.07579020126144,13,Oeste,6
2023-12-11 16:58:11.995272,Producto C,35.93682536328166,15,Este,42
2024-10-06 16:58:11.995275,Producto B,49.16894427371305,19,Norte,25
2024-10-18 16:58:11.995278,Producto D,34.952796259689975,3,Este,57
2024-09-04 16:58:11.995281,Producto D,57.60055963689602,4,Oeste,85
2024-04-17 16:58:11.995285,Producto C,50.824397529345035,5,Oeste,55
2024-01-25 16:58:11.995288,Producto B,35.4244850053507,1,Oeste,16
2024-09-09 16:58:11.995291,Producto D,46.907909229501364,4,Este,95
2024-02-13 16:58:11.995294,Producto C,42.478435944094166,12,Oeste,14
2024-03-17 16:58:11.995297,Producto A,53.1917451041918,10,Este,39
2024-10-05 16:58:11.995301,Producto D,63.40450446023144,13,Sur,28
2024-07-23 16:58:11.995305,Producto B,31.248275303542556,14,Norte,96
2024-04-21 16:58:11.995308,Producto B,51.150260791474174,5,Norte,92
2024-03-27 16:58:11.995311,Producto B,48.398672044333594,4,Este,51
2024-09-26 16:58:11.995314,Producto A,56.713400764504655,14,Sur,49
2023-12-07 16:58:11.995317,Producto D,52.131966282376894,10,Este,9
2024-08-06 16:58:11.995320,Producto D,42.48030668261181,17,Sur,58
2024-01-07 16:58:11.995323,Producto A,46.80946064333382,10,Oeste,45
2024-10-04 16:58:11.995327,Producto D,42.03974143196511,7,Sur,22
2024-09-21 16:58:11.995330,Producto A,60.76007138598598,16,Sur,32
2023-12-20 16:58:11.995333,Producto A,50.21311648671942,1,Sur,69
2024-10-26 16:58:11.995336,Producto A,69.01190685753008,17,Norte,87
2024-02-03 16:58:11.995339,Producto B,49.39339186185379,9,Sur,69
2024-03-09 16:58:11.995342,Producto D,42.91593233089537,6,Oeste,42
2024-11-13 16:58:11.995346,Producto A,34.862856073871725,19,Oeste,53
2024-07-31 16:58:11.995349,Producto D,31.96860323744055,13,Oeste,96
2023-12-02 16:58:11.995352,Producto B,34.158640569945106,3,Sur,59
2024-03-13 16:58:11.995377,Producto A,52.67126651011483,7,Este,74
2024-05-25 16:58:11.995389,Producto C,55.08725023229934,9,Este,39
2024-04-28 16:58:11.995394,Producto B,34.188092979678665,5,Oeste,15
2024-01-23 16:58:11.995399,Producto C,58.950383140761154,10,Norte,71
2024-07-17 16:58:11.995404,Producto D,45.1693894831656,17,Este,29
2024-09-26 16:58:11.995408,Producto D,51.467930119855495,12,Sur,3
2024-04-21 16:58:11.995412,Producto B,66.12220628255425,16,Este,83
2024-11-07 16:58:11.995417,Producto D,58.96839315865532,3,Oeste,10
2024-10-24 16:58:11.995421,Producto C,47.314693520941674,9,Norte,92
2024-09-04 16:58:11.995426,Producto A,41.08807774584713,15,Este,29
2024-04-19 16:58:11.995430,Producto A,28.48184598670695,5,Este,79
2023-11-22 16:58:11.995435,Producto A,42.8084668075758,13,Oeste,35
2024-06-20 16:58:11.995440,Producto B,47.88869761172305,14,Norte,6
2024-11-07 16:58:11.995444,Producto D,40.12820472848816,15,Norte,12
2024-05-18 16:58:11.995449,Producto C,48.68743032907695,16,Oeste,38
2024-01-14 16:58:11.995466,Producto D,50.768518829587684,13,Sur,77
2024-11-14 16:58:11.995471,Producto D,47.751440181919214,17,Este,93
2024-11-18 16:58:11.995474,Producto D,43.4999741917654,8,Sur,19
2024-08-02 16:58:11.995478,Producto A,51.68654671966728,2,Este,67
2024-03-28 16:58:11.995481,Producto C,54.41940649569409,5,Este,8
2023-11-24 16:58:11.995484,Producto C,39.096009225571535,6,Sur,8
2024-03-27 16:58:11.995487,Producto D,64.10932379746271,12,Oeste,84
2024-02-21 16:58:11.995490,Producto A,49.014118677157384,18,Oeste,47
2024-02-01 16:58:11.995494,Producto A,50.188496229448475,1,Este,4
2024-04-08 16:58:11.995497,Producto C,57.08214423256557,17,Oeste,51
2024-11-06 16:58:11.995500,Producto A,52.332161312635016,11,Este,85
2024-05-13 16:58:11.995503,Producto A,59.53136633913245,10,Oeste,67
2024-07-25 16:58:11.995506,Producto A,52.87124165201824,19,Este,45
2024-10-24 16:58:11.995509,Producto B,43.87562625359562,14,Oeste,8
2024-05-03 16:58:11.995512,Producto D,53.61503525206102,10,Norte,87
2024-10-13 16:58:11.995515,Producto C,38.56273792679338,15,Sur,16
2024-02-22 16:58:11.995518,Producto C,51.085597057765234,19,Norte,77
2024-04-04 16:58:11.995522,Producto B,49.66770009355539,4,Sur,67
2024-08-27 16:58:11.995525,Producto D,47.918831427274604,2,Sur,9
2024-07-18 16:58:11.995528,Producto C,48.71462488561069,9,Este,60
2024-01-26 16:58:11.995531,Producto A,31.18150954502361,10,Sur,78
2024-10-27 16:58:11.995534,Producto C,44.512750922590385,11,Norte,77
2024-06-29 16:58:11.995537,Producto A,50.928449011411146,14,Norte,71
2024-11-08 16:58:11.995540,Producto B,51.598563919974005,7,Oeste,15
2024-04-23 16:58:11.995543,Producto A,39.72324859074042,15,Norte,71
2024-10-27 16:58:11.995546,Producto C,62.65707840864701,19,Oeste,98
2024-09-14 16:58:11.995549,Producto C,41.33825151785499,15,Sur,41
2024-09-15 16:58:11.995553,Producto C,59.69457200526737,8,Norte,22
2024-04-02 16:58:11.995556,Producto B,54.27194361871685,11,Sur,24
2024-08-04 16:58:11.995559,Producto B,43.53772690156197,9,Norte,44
2024-06-28 16:58:11.995562,Producto D,67.75310892609512,15,Norte,1
2024-08-02 16:58:11.995565,Producto C,38.0636316824352,1,Oeste,10
2024-04-07 16:58:11.995568,Producto A,59.191541736100014,1,Sur,80
2024-08-02 16:58:11.995571,Producto B,60.005823180429786,19,Norte,72
2024-10-18 16:58:11.995574,Producto C,43.293797909233554,3,Este,56
2024-08-02 16:58:11.995577,Producto C,63.92465300064329,10,Sur,89
2024-03-02 16:58:11.995580,Producto B,47.49953485401047,8,Sur,50
2024-03-30 16:58:11.995583,Producto D,52.88693629279857,15,Sur,12
2024-08-30 16:58:11.995586,Producto B,52.603218387712204,10,Oeste,89
2024-10-10 16:58:11.995589,Producto B,48.65691258529452,1,Este,81
2024-08-12 16:58:11.995592,Producto A,58.10808273159782,18,Sur,60
2024-11-15 16:58:11.995595,Producto A,57.93488720552213,2,Norte,26
2024-05-25 16:58:11.995598,Producto D,32.51468026761819,19,Norte,78
2024-02-13 16:58:11.995601,Producto C,63.043402428781526,13,Oeste,41
2024-01-06 16:58:11.995605,Producto B,33.37508011964326,1,Norte,36
2024-04-09 16:58:11.995608,Producto D,60.32546204341657,2,Sur,23
2024-01-11 16:58:11.995611,Producto A,61.26705136827583,16,Norte,43
2023-11-22 16:58:11.995614,Producto B,39.09033569784802,15,Sur,6
2024-04-06 16:58:11.995617,Producto C,45.891857120454155,13,Norte,69
2024-02-06 16:58:11.995620,Producto A,38.94295331514064,16,Este,43
2024-06-24 16:58:11.995623,Producto A,47.850789697112646,17,Oeste,25
2024-02-18 16:58:11.995626,Producto A,46.919657158142584,7,Oeste,18
2024-05-07 16:58:11.995629,Producto D,57.796605322693395,17,Este,62
2024-09-12 16:58:11.995633,Producto C,63.10308746119608,7,Este,13
2024-08-01 16:58:11.995636,Producto B,63.95683810789956,13,Oeste,43
2024-11-17 16:58:11.995673,Producto D,44.37831973421698,5,Este,78
2023-12-07 16:58:11.995692,Producto D,47.90778126255472,17,Sur,28
2023-12-26 16:58:11.995718,Producto D,33.1656180777905,3,Norte,18
2024-01-08 16:58:11.995724,Producto A,41.94129933503811,7,Oeste,59
2023-12-07 16:58:11.995737,Producto C,59.64851633097457,17,Este,60
2024-08-18 16:58:11.995740,Producto D,66.15582823548232,7,Sur,63
2024-06-22 16:58:11.995744,Producto B,37.65651128120078,1,Oeste,57
2024-01-15 16:58:11.995746,Producto C,44.075357408471056,17,Este,92
2024-07-07 16:58:11.995750,Producto B,49.73594243041073,17,Oeste,51
2024-03-19 16:58:11.995753,Producto C,52.80161158819607,11,Este,56
2024-03-23 16:58:11.995756,Producto B,41.90396480078354,3,Oeste,27
2024-10-21 16:58:11.995759,Producto A,54.24061044464089,15,Sur,32
2024-10-12 16:58:11.995762,Producto D,45.26160652929084,11,Sur,9
2024-04-06 16:58:11.995765,Producto B,49.855477291217206,16,Norte,96
2024-10-16 16:58:11.995768,Producto C,55.462842480037,9,Oeste,84
2024-04-12 16:58:11.995771,Producto D,50.064222698109376,1,Norte,92
2024-11-15 16:58:11.995774,Producto D,45.63614109473431,16,Oeste,97
2024-01-04 16:58:11.995777,Producto C,48.90390196074169,9,Este,68
2024-04-15 16:58:11.995780,Producto B,49.11637040794665,19,Este,46
2024-09-07 16:58:11.995783,Producto A,46.29988970117872,12,Norte,98
2024-11-17 16:58:11.995786,Producto A,47.41203937332897,19,Oeste,67
2023-12-22 16:58:11.995789,Producto B,65.98647170504717,9,Norte,26
2024-07-10 16:58:11.995792,Producto D,55.60919447941239,7,Sur,8
2024-07-26 16:58:11.995795,Producto D,47.045196819708394,14,Norte,6
2024-08-19 16:58:11.995798,Producto D,56.969544045107355,19,Norte,80
2024-09-20 16:58:11.995804,Producto D,46.6618051024399,19,Este,24
2024-05-11 16:58:11.995807,Producto B,61.73124637586641,2,Norte,48
2023-12-22 16:58:11.995810,Producto D,53.69642192198094,9,Oeste,94
2024-05-02 16:58:11.995813,Producto C,48.92697855995771,13,Este,45
2024-10-26 16:58:11.995816,Producto D,54.477169258102776,15,Norte,13
2024-06-01 16:58:11.995819,Producto A,34.291238479315005,3,Sur,69
2024-01-26 16:58:11.995822,Producto D,38.73232531090195,11,Norte,25
2024-07-11 16:58:11.995826,Producto B,38.060749936009444,14,Norte,20
2023-12-31 16:58:11.995829,Producto A,51.429430947637066,8,Norte,82
2024-07-26 16:58:11.995832,Producto B,67.32514999485092,18,Este,82
2024-01-02 16:58:11.995835,Producto B,72.31300146192632,19,Oeste,66
2024-02-20 16:58:11.995838,Producto A,56.380511014407574,16,Sur,74
2024-04-23 16:58:11.995841,Producto B,55.00844474944457,2,Norte,45
2024-04-10 16:58:11.995844,Producto B,31.98942265847261,8,Oeste,47
2024-11-01 16:58:11.995847,Producto D,44.57326200265978,6,Oeste,63
2024-07-31 16:58:11.995850,Producto C,42.12216248091761,12,Este,76
2024-07-04 16:58:11.995853,Producto B,43.79152401748884,15,Sur,77
2024-10-05 16:58:11.995856,Producto B,48.318561814152105,8,Este,55
2024-11-20 16:58:11.995859,Producto B,45.27909422302873,4,Oeste,75
2024-08-23 16:58:11.995862,Producto D,30.207001896242122,15,Oeste,19
2024-07-02 16:58:11.995866,Producto C,57.47910256117534,17,Oeste,35
2024-01-06 16:58:11.995869,Producto A,39.27256974260193,13,Este,53
2024-10-14 16:58:11.995872,Producto D,52.39246864111149,18,Sur,26
2024-02-02 16:58:11.995875,Producto D,70.74082669749973,2,Norte,14
2024-07-05 16:58:11.995878,Producto C,40.80615408413577,13,Este,45
2023-12-01 16:58:11.995881,Producto C,24.697124772536704,13,Oeste,44
2023-12-24 16:58:11.995884,Producto D,47.139957781198895,15,Este,88
